"","Never","Mon1_2","Wek1_2","Wek3_4","Daily","p","test"
"n","10407"," 3640"," 7590"," 8108","25254","",""
"Age (mean (SD))","58.03 (10.17)","56.52 (10.19)","55.60 (10.08)","55.58 (9.89)","57.90 (9.86)","<0.001",""
"Smoking (%)"," "," "," "," ","","<0.001",""
"   Never"," 8318 (79.9) "," 2974 (81.7) "," 6219 (81.9) "," 6763 (83.4) ","21022 (83.2) ","",""
"   Past","  169 ( 1.6) ","   49 ( 1.3) ","  113 ( 1.5) ","   98 ( 1.2) ","  347 ( 1.4) ","",""
"   Current","  723 ( 6.9) ","  222 ( 6.1) ","  420 ( 5.5) ","  346 ( 4.3) ","  872 ( 3.5) ","",""
"   unknown"," 1197 (11.5) ","  395 (10.9) ","  838 (11.0) ","  901 (11.1) "," 3013 (11.9) ","",""
"Alc_Fre (%)"," "," "," "," ","","<0.001",""
"   < 1/week","  697 ( 6.7) ","  191 ( 5.2) ","  567 ( 7.5) ","  673 ( 8.3) "," 1653 ( 6.5) ","",""
"   1-4 /week","  837 ( 8.0) ","  357 ( 9.8) ","  828 (10.9) ","  918 (11.3) "," 2508 ( 9.9) ","",""
"   Daily","  450 ( 4.3) ","  200 ( 5.5) ","  325 ( 4.3) ","  338 ( 4.2) "," 1158 ( 4.6) ","",""
"   Never or past"," 7449 (71.6) "," 2562 (70.4) "," 5196 (68.5) "," 5416 (66.8) ","17496 (69.3) ","",""
"   unknown","  974 ( 9.4) ","  330 ( 9.1) ","  674 ( 8.9) ","  763 ( 9.4) "," 2439 ( 9.7) ","",""
"BMI (mean (SD))","23.01 (3.38)","23.02 (3.80)","23.07 (4.41)","23.07 (3.08)","22.80 (3.62)","<0.001",""
"BMIgrp (%)"," "," "," "," ","","<0.001",""
"   [18.5,25)"," 6589 (63.3) "," 2438 (67.0) "," 5121 (67.5) "," 5496 (67.8) ","17533 (69.4) ","",""
"   [14,18.5)","  703 ( 6.8) ","  188 ( 5.2) ","  380 ( 5.0) ","  398 ( 4.9) "," 1499 ( 5.9) ","",""
"   [25,30)"," 2173 (20.9) ","  756 (20.8) "," 1505 (19.8) "," 1678 (20.7) "," 4606 (18.2) ","",""
"   [30,40)","  280 ( 2.7) ","   76 ( 2.1) ","  175 ( 2.3) ","  158 ( 1.9) ","  360 ( 1.4) ","",""
"   unknown","  662 ( 6.4) ","  182 ( 5.0) ","  409 ( 5.4) ","  378 ( 4.7) "," 1256 ( 5.0) ","",""
"Exercise (%)"," "," "," "," ","","<0.001",""
"   Almost0"," 6618 (63.6) "," 2624 (72.1) "," 4816 (63.5) "," 4790 (59.1) ","15283 (60.5) ","",""
"   > 1h/w"," 1417 (13.6) ","  624 (17.1) "," 1401 (18.5) "," 1522 (18.8) "," 5718 (22.6) ","",""
"   unknown"," 2372 (22.8) ","  392 (10.8) "," 1373 (18.1) "," 1796 (22.2) "," 4253 (16.8) ","",""
"Slepgrp (%)"," "," "," "," ","","<0.001",""
"   [0,6.9)"," 2805 (27.0) "," 1019 (28.0) "," 2047 (27.0) "," 2103 (25.9) "," 6799 (26.9) ","",""
"   [6.9,7.9)"," 3336 (32.1) "," 1245 (34.2) "," 2721 (35.8) "," 2944 (36.3) "," 9161 (36.3) ","",""
"   [7.9,8.9)"," 2886 (27.7) ","  914 (25.1) "," 1965 (25.9) "," 2056 (25.4) "," 6497 (25.7) ","",""
"   [8.9,23)","  887 ( 8.5) ","  254 ( 7.0) ","  439 ( 5.8) ","  435 ( 5.4) "," 1415 ( 5.6) ","",""
"   unknown","  493 ( 4.7) ","  208 ( 5.7) ","  418 ( 5.5) ","  570 ( 7.0) "," 1382 ( 5.5) ","",""
"Spi (%)"," "," "," "," ","","<0.001",""
"   Less1tm","  917 ( 8.8) ","  399 (11.0) ","  445 ( 5.9) ","  337 ( 4.2) "," 1175 ( 4.7) ","",""
"   One2tw"," 2514 (24.2) "," 1029 (28.3) "," 2195 (28.9) "," 1642 (20.3) "," 5261 (20.8) ","",""
"   Thre4tw"," 2331 (22.4) "," 1001 (27.5) "," 1876 (24.7) "," 2452 (30.2) "," 6516 (25.8) ","",""
"   daily"," 2567 (24.7) ","  909 (25.0) "," 1866 (24.6) "," 1963 (24.2) "," 8799 (34.8) ","",""
"   unknown"," 2078 (20.0) ","  302 ( 8.3) "," 1208 (15.9) "," 1714 (21.1) "," 3503 (13.9) ","",""
"Fru (%)"," "," "," "," ","","<0.001",""
"   Less1tm"," 1397 (13.4) ","  523 (14.4) ","  594 ( 7.8) ","  514 ( 6.3) "," 1639 ( 6.5) ","",""
"   One2tw"," 1913 (18.4) ","  801 (22.0) "," 1515 (20.0) "," 1122 (13.8) "," 3323 (13.2) ","",""
"   Thre4tw"," 1926 (18.5) ","  845 (23.2) "," 1591 (21.0) "," 1922 (23.7) "," 4660 (18.5) ","",""
"   daily"," 2601 (25.0) ","  967 (26.6) "," 2216 (29.2) "," 2369 (29.2) ","10387 (41.1) ","",""
"   unknown"," 2570 (24.7) ","  504 (13.8) "," 1674 (22.1) "," 2181 (26.9) "," 5245 (20.8) ","",""
"Gretea (%)"," "," "," "," ","","<0.001",""
"   daily"," 7680 (73.8) "," 2804 (77.0) "," 5800 (76.4) "," 6146 (75.8) ","19514 (77.3) ","",""
"   Thre3tw","  946 ( 9.1) ","  394 (10.8) ","  848 (11.2) ","  921 (11.4) "," 2452 ( 9.7) ","",""
"   Never","  944 ( 9.1) ","  230 ( 6.3) ","  467 ( 6.2) ","  466 ( 5.7) "," 1765 ( 7.0) ","",""
"   unknown","  837 ( 8.0) ","  212 ( 5.8) ","  475 ( 6.3) ","  575 ( 7.1) "," 1523 ( 6.0) ","",""
"Cofe (%)"," "," "," "," ","","<0.001",""
"   daily"," 4121 (39.6) "," 1682 (46.2) "," 3519 (46.4) "," 3597 (44.4) ","12685 (50.2) ","",""
"   Thre3tw"," 2648 (25.4) "," 1069 (29.4) "," 2279 (30.0) "," 2698 (33.3) "," 6468 (25.6) ","",""
"   Never"," 3387 (32.5) ","  835 (22.9) "," 1611 (21.2) "," 1620 (20.0) "," 5604 (22.2) ","",""
"   unknown","  251 ( 2.4) ","   54 ( 1.5) ","  181 ( 2.4) ","  193 ( 2.4) ","  497 ( 2.0) ","",""
"Educgrp (%)"," "," "," "," ","","<0.001",""
"   [0,18)"," 5181 (49.8) "," 1869 (51.3) "," 3270 (43.1) "," 3178 (39.2) ","11261 (44.6) ","",""
"   [18,70)"," 2073 (19.9) "," 1016 (27.9) "," 2263 (29.8) "," 2225 (27.4) "," 8588 (34.0) ","",""
"   unknown"," 3153 (30.3) ","  755 (20.7) "," 2057 (27.1) "," 2705 (33.4) "," 5405 (21.4) ","",""
"DM_hist (%)"," "," "," "," ","","<0.001",""
"   FALSE"," 9038 (86.8) "," 3094 (85.0) "," 6600 (87.0) "," 6943 (85.6) ","21148 (83.7) ","",""
"   TRUE","  269 ( 2.6) ","  115 ( 3.2) ","  206 ( 2.7) ","  219 ( 2.7) "," 1102 ( 4.4) ","",""
"   unknown"," 1100 (10.6) ","  431 (11.8) ","  784 (10.3) ","  946 (11.7) "," 3004 (11.9) ","",""
"HT_hist (%)"," "," "," "," ","","<0.001",""
"   FALSE"," 7312 (70.3) "," 2564 (70.4) "," 5522 (72.8) "," 5811 (71.7) ","17760 (70.3) ","",""
"   TRUE"," 2236 (21.5) ","  745 (20.5) "," 1446 (19.1) "," 1533 (18.9) "," 5058 (20.0) ","",""
"   unknown","  859 ( 8.3) ","  331 ( 9.1) ","  622 ( 8.2) ","  764 ( 9.4) "," 2436 ( 9.6) ","",""
"KID_hist (%)"," "," "," "," ","","<0.001",""
"   FALSE"," 7577 (72.8) "," 3065 (84.2) "," 5875 (77.4) "," 5842 (72.1) ","19507 (77.2) ","",""
"   TRUE","  371 ( 3.6) ","  142 ( 3.9) ","  280 ( 3.7) ","  298 ( 3.7) "," 1110 ( 4.4) ","",""
"   unknown"," 2459 (23.6) ","  433 (11.9) "," 1435 (18.9) "," 1968 (24.3) "," 4637 (18.4) ","",""
"LIV_hist (%)"," "," "," "," ","","<0.001",""
"   FALSE"," 7606 (73.1) "," 3048 (83.7) "," 5882 (77.5) "," 5849 (72.1) ","19449 (77.0) ","",""
"   TRUE","  365 ( 3.5) ","  178 ( 4.9) ","  295 ( 3.9) ","  320 ( 3.9) "," 1254 ( 5.0) ","",""
"   unknown"," 2436 (23.4) ","  414 (11.4) "," 1413 (18.6) "," 1939 (23.9) "," 4551 (18.0) ","",""
"Menopause = TRUE (%)"," 8213 (78.9) "," 2684 (73.7) "," 5408 (71.3) "," 5791 (71.4) ","20138 (79.7) ","<0.001",""
